smiles,target_true,pred_fused,gate_w_v1,gate_w_v2,gate_w_v3
CC(C)C(Nc1ccc(cc1Cl)C(F)(F)F)C(=O)OC(C#N)c2cccc(Oc3ccccc3)c2,-8.003,-5.699418,0.015302151,0.0072318725,0.977466
O=c2c(C3CCCc4ccccc43)c(O)c1ccccc1o2 ,-2.84,-5.1081924,0.020420786,0.008225571,0.97135365
Nc1cc(nc(N)n1=O)N2CCCCC2 ,-1.989,-3.1193187,0.0023909358,0.0022327648,0.9953762
c1ccc2cc3c4cccc5cccc(c3cc2c1)c45,-8.49,-5.701645,0.109615274,0.0313065,0.85907817
C1Cc2cccc3cccc1c23,-4.63,-4.51775,0.036833134,0.011087863,0.952079
Cn2c(=O)on(c1ccc(Cl)c(Cl)c1)c2=O,-2.82,-3.244487,0.0041675535,0.0029461035,0.99288636
CC1=C(CCCO1)C(=O)Nc2ccccc2 ,-2.56,-3.1963785,0.003433289,0.002418714,0.994148
CNC(=O)Oc1ccccc1C2OCCO2,-1.57,-2.3876555,0.002345644,0.0017889548,0.99586535
C1N(C(=O)NCC(C)C)C(=O)NC1,-2.15,-1.9448471,0.0017124207,0.00156851,0.99671906
CC(=O)N(S(=O)c1ccc(N)cc1)c2onc(C)c2C ,-3.59,-3.424533,0.0040689646,0.0029375749,0.9929934
CC1CCCCC1NC(=O)Nc2ccccc2,-4.11,-3.4325433,0.0040577506,0.0026679442,0.99327433
O=Cc2ccc1OCOc1c2 ,-1.63,-2.4776487,0.0028543347,0.002145802,0.9949999
CC3C2CCC1(C)C=CC(=O)C(=C1C2OC3=O)C,-3.09,-3.2018676,0.0024977664,0.0021170531,0.9953852
OCC2OC(Oc1ccccc1CO)C(O)C(O)C2O,-0.85,-1.2859502,0.0023919023,0.0016024801,0.9960056
OC(C(=O)c1ccccc1)c2ccccc2,-2.85,-3.2771099,0.006804332,0.0035166226,0.9896791
CC23Cc1cnoc1C=C2CCC4C3CCC5(C)C4CCC5(O)C#C,-5.507,-5.186224,0.0061257817,0.003770533,0.9901037
c1ccc2c(c1)sc3ccccc23,-4.38,-5.0795803,0.06300022,0.018096784,0.91890305
CC34CC(=O)C1C(CCC2=CC(=O)CCC12C)C3CCC4(=O) ,-3.48,-4.528371,0.003934077,0.0028248858,0.9932411
c1ccc(cc1)c2ccc(cc2)c3ccccc3,-7.11,-5.666246,0.12052979,0.03311642,0.8463537
Cc3cc2nc1c(=O)[nH]c(=O)nc1n(CC(O)C(O)C(O)CO)c2cc3C,-3.685,-2.9641056,0.0030282042,0.0023677393,0.99460405
CN2C(=C(O)c1ccccc1S2(=O)=O)C(=O)Nc3ccccn3 ,-4.16,-3.7362912,0.004532555,0.003263217,0.9922043
COc2c1occc1cc3ccc(=O)oc23 ,-3.664,-3.8027728,0.0079366015,0.0043260856,0.9877373
ClC(Cl)(Cl)C(NC=O)N1C=CN(C=C1)C(NC=O)C(Cl)(Cl)Cl ,-4.19,-4.3581805,0.0017161198,0.0019832896,0.9963006
Cn2cc(c1ccccc1)c(=O)c(c2)c3cccc(c3)C(F)(F)F,-4.445,-5.3317842,0.050521296,0.017792873,0.93168575
CC12CCC3C(CCc4cc(O)ccc34)C2CCC1=O,-3.955,-4.73664,0.008701927,0.004336866,0.98696125
CCN2c1ccccc1N(C)C(=S)c3cccnc23 ,-4.706,-4.120466,0.010918571,0.0054302225,0.9836512
CC1CO1,-0.59,0.3225321,0.0048432713,0.0027963421,0.9923604
C1=Cc2cccc3cccc1c23,-3.96,-4.0140266,0.024132358,0.00836532,0.96750236
c1ccc2c(c1)cc3ccc4cccc5ccc2c3c45,-8.699,-5.6927547,0.10718393,0.030367693,0.8624484
Oc1ccc(cc1)C2(OC(=O)c3ccccc23)c4ccc(O)cc4 ,-2.9,-5.051182,0.020185355,0.008638135,0.9711765
Cc1cc(=O)[nH]c(=S)[nH]1,-2.436,-1.377455,0.0019580626,0.0018760293,0.996166
c1cc2ccc3cccc4ccc(c1)c2c34,-6.176,-5.4259853,0.07337962,0.02077436,0.90584606
CC1(C)CON(Cc2ccccc2Cl)C1=O,-2.338,-3.4621665,0.0033918535,0.0022511217,0.99435705
FC(F)(F)c1cccc(c1)N2CC(CCl)C(Cl)C2=O,-4.047,-5.6864367,0.0097288005,0.004692478,0.98557866
OC(Cn1cncn1)(Cn2cncn2)c3ccc(F)cc3F ,-1.8,-2.5831225,0.0061727474,0.004063709,0.9897635
O=C1NC(=O)C(=O)C(=O)N1 ,-1.25,-1.2391002,0.0016913231,0.0018634155,0.99644524
CC34CCC1C(CC=C2CC(O)CCC12C)C3CCC4=O,-4.12,-4.562208,0.005378948,0.0032892607,0.9913318
CC12CC2(C)C(=O)N(C1=O)c3cc(Cl)cc(Cl)c3,-4.8,-5.020505,0.0057335743,0.0033213776,0.990945
c1cc2ccc3ccc4ccc5cccc6c(c1)c2c3c4c56,-9.018,-5.7107773,0.11788644,0.033565585,0.848548
c1c(OC)c(OC)C2C(=O)OCC2c1,-1.899,-2.111635,0.0019071152,0.0016450257,0.9964478
CN(C)C(=O)NC1CC2CC1C3CCCC23,-3.171,-3.64635,0.003312103,0.002440279,0.99424756
c1cc2ccc3ccc4ccc5ccc6ccc1c7c2c3c4c5c67,-9.332,-5.7137537,0.1210018,0.03542719,0.84357107
O=c1[nH]cnc2[nH]ncc12 ,-2.266,-0.4532121,0.0029800588,0.0027000909,0.9943198
OC(c1ccc(Cl)cc1)(c2cncnc2)c3ccccc3Cl,-4.38,-4.4593534,0.027189957,0.0110327015,0.9617774
CCC2NC(=O)c1cc(c(Cl)cc1N2)S(N)(=O)=O,-3.29,-3.6846964,0.0030894072,0.0023549425,0.9945556
C1CC=CC1,-2.1,-2.3745937,0.004560847,0.0025861661,0.992853
C1(=O)NC(=O)NC(=O)C1(O)C2(O)C(=O)NC(=O)NC2(=O),-1.99,-1.730996,0.0016630003,0.0016854918,0.9966515
CCCC1C(=O)N3N(C1=O)c2cc(C)ccc2N=C3N(C)C ,-3.538,-4.576347,0.0037497366,0.0028773115,0.9933729
CC1(C)C2CCC1(C)C(O)C2,-2.32,-1.6553173,0.0034183494,0.0018519259,0.99472964
COc2cc1c(N)nc(nc1c(OC)c2OC)N3CCN(CC3)C(=O)OCC(C)(C)O ,-3.638,-4.223111,0.0026057991,0.0022539971,0.9951402
c1cC2C(=O)NC(=O)C2cc1,-2.932,-2.2753448,0.0022881324,0.0018653832,0.99584645
c1ccc2c(c1)cnc3ccccc23 ,-2.78,-3.304202,0.045008108,0.013986917,0.941005
Clc1ccc(CN(C2CCCC2)C(=O)Nc3ccccc3)cc1,-5.915,-5.608561,0.016058167,0.0074501615,0.97649163
COc2c1occc1c(OC)c3c(=O)cc(C)oc23 ,-3.021,-4.332118,0.0067492365,0.004090715,0.98916
c1ccc2c3c(ccc2c1)c4cccc5cccc3c45,-8.0,-5.7032166,0.110766366,0.031559452,0.8576741
c1cc(O)c(O)c2OCC3(O)CC4=CC(=O)C(O)=CC4=C3c21,-2.7,-3.1345525,0.0029332258,0.0022856737,0.9947811
c2ccc1nc(ccc1c2)c4ccc3ccccc3n4 ,-5.4,-4.1364837,0.073460594,0.023953434,0.902586
c1ccc2c(c1)[nH]c3ccccc32,-5.27,-2.836278,0.041916344,0.0128379315,0.94524574
O=C1CCC(=O)N1,0.3,-0.5482563,0.001694458,0.0016855357,0.99661994
CCN2c1ncccc1N(C)C(=S)c3cccnc23 ,-4.634,-3.2997622,0.0076233568,0.004399409,0.9879772
c1ccc2cc3cc4ccccc4cc3cc2c1,-8.6,-5.647901,0.09481082,0.027602918,0.87758625
O=C2NC(=O)C1(CCCCC1)C(=O)N2,-3.06,-2.1841235,0.0016782451,0.0015537967,0.996768
CC(C)NC(=O)N1CC(=O)N(C1=O)c2cc(Cl)cc(Cl)c2,-4.376,-4.5230136,0.0031477062,0.0023859453,0.99446636
C1c2ccccc2c3cc4ccccc4cc13,-8.04,-5.637753,0.08281213,0.024293933,0.8928939
O=c2[nH]c(=O)c1[nH]c(=O)[nH]c1[nH]2 ,-3.93,-1.5541346,0.0020582376,0.0020566639,0.9958851
NS(=O)(=O)c3cc2c(NC(Cc1ccccc1)NS2(=O)=O)cc3C(F)(F)F,-3.59,-5.129935,0.009075403,0.0047149924,0.9862096
CC1(OC(=O)N(C1=O)c2cc(Cl)cc(Cl)c2)C=C,-4.925,-4.03932,0.003165682,0.0023545215,0.9944798
c1ccc2c(c1)c3ccccc3c4ccccc24,-6.726,-5.6611834,0.10555065,0.029624421,0.8648249
CC=C(C(=CC)c1ccc(O)cc1)c2ccc(O)cc2,-4.95,-3.616079,0.0055362894,0.003289428,0.9911742
O=C2NC(=O)C1(CCCCCC1)C(=O)N2 ,-3.168,-2.2108,0.0016991738,0.0015424283,0.9967584
NS(=O)(=O)c2cc1c(N=CNS1(=O)=O)cc2Cl ,-3.05,-3.6842053,0.0028079273,0.0023377726,0.9948543
CCN(Cc1c(F)cccc1Cl)c2c(cc(cc2N(=O)=O)C(F)(F)F)N(=O)=O,-6.78,-5.713507,0.010353247,0.0057599167,0.9838868
c2ccc1[nH]ncc1c2 ,-2.16,-0.14011583,0.008267777,0.003971007,0.98776126
CC5(C)OC4CC3C2CCC1=CC(=O)C=CC1(C)C2(F)C(O)CC3(C)C4(O5)C(=O)CO ,-4.31,-4.82118,0.0033182562,0.002517314,0.9941644
Nc2nc1[nH]cnc1c(=O)[nH]2 ,-3.583,-0.75970614,0.0025423616,0.0023504081,0.9951073
CC34CCC1C(CCC2CC(=O)CCC12C)C3CCC4O ,-4.743,-4.7704597,0.0059176194,0.0034413023,0.99064106
OC(C1=CC2C5C(C1C2=C(c3ccccc3)c4ccccn4)C(=O)NC5=O)(c6ccccc6)c7ccccn7 ,-3.931,-5.5233064,0.017822385,0.008999384,0.97317827
c2ccc1NCCc1c2 ,-1.04,-2.5910378,0.008463653,0.0035323673,0.98800397
OC(CC(c1ccccc1)c3c(O)c2ccccc2oc3=O)c4ccc(cc4)c5ccc(Br)cc5 ,-4.445,-5.476574,0.031757563,0.0120144095,0.956228
CC34CCC1C(CCC2=CC(=O)CCC12C)C3CCC4=O,-3.69,-4.949716,0.005158198,0.0033658843,0.99147594
COC(=O)Nc2nc1ccc(cc1[nH]2)C(=O)c3ccccc3,-3.88,-3.2450538,0.005565922,0.003697047,0.990737
C1C=CCC=C1,-2.06,-2.6628537,0.0032845628,0.002334099,0.99438137
Cc2cccc3sc1nncn1c23 ,-2.07,-1.81788,0.012974156,0.005981938,0.9810439
O=C1N(C2CCC(=O)NC2=O)C(=O)c3ccccc13,-2.676,-3.3690608,0.003046776,0.0023779941,0.99457526
O=C2NC(=O)C1(CCCC1)C(=O)N2,-2.349,-1.9113069,0.0016591338,0.0015219399,0.9968189
ClC1(C2(Cl)C3(Cl)C4(Cl)C5(Cl)C1(Cl)C3(Cl)Cl)C5(Cl)C(Cl)(Cl)C24Cl,-6.8,-5.636767,0.019285822,0.0074390103,0.9732752
CCCCNC(=O)n1c(NC(=O)OC)nc2ccccc12,-4.883,-3.326514,0.002366194,0.0021815363,0.99545234
C1CCC2CCCCC2C1,-5.19,-4.575506,0.015921209,0.005580247,0.9784985
c1ccc2c(c1)c3cccc4ccc5cccc2c5c43,-7.8,-5.694252,0.10800655,0.030560367,0.8614331
O=C1NCCN1c2ncc(s2)N(=O)=O,-3.22,-2.7623305,0.002018156,0.002042231,0.9959396
C1c2ccccc2c3ccc4ccccc4c13,-6.68,-5.634269,0.08196416,0.024010602,0.8940252
N(=Nc1ccccc1)c2ccccc2,-4.45,-3.2794383,0.011295076,0.0055403835,0.9831646
OCC2OC(OC1(CO)OC(CO)C(O)C1O)C(O)C(O)C2O ,0.79,0.029857144,0.0049721,0.0027772042,0.9922506
CC45CCC2C(CCC3CC1SC1CC23C)C4CCC5O,-5.41,-5.357993,0.009431428,0.0046195826,0.98594904
C2c1ccccc1N(CCF)C(=O)c3ccccc23 ,-4.799,-4.9483657,0.013852491,0.006050291,0.98009723
c1c(O)C2C(=O)C3cc(O)ccC3OC2cc1(OC),-2.943,-2.7411458,0.002861139,0.0022494611,0.9948894
CC(=O)SC4CC1=CC(=O)CCC1(C)C5CCC2(C)C(CCC23CCC(=O)O3)C45,-4.173,-5.579081,0.0047342554,0.0033848751,0.99188083
ClC1CC2C(C1Cl)C3(Cl)C(=C(Cl)C2(Cl)C3(Cl)Cl)Cl,-6.86,-5.6925154,0.013479533,0.005918271,0.98060226
COC(=O)c1ccccc1OC2OC(COC3OCC(O)C(O)C3O)C(O)C(O)C2O,-0.742,-1.6101323,0.00217056,0.0015434141,0.99628603
C1CCC=CCC1,-3.18,-2.9183316,0.004485571,0.0025742236,0.9929402
COC1=CC(=O)CC(C)C13Oc2c(Cl)c(OC)cc(OC)c2C3=O,-3.246,-5.108919,0.0031112602,0.00271297,0.9941758
O=C(C=CC=Cc2ccc1OCOc1c2)N3CCCCC3,-3.46,-3.372043,0.0032329748,0.0025599543,0.994207
O=C2NC(=O)C1(CCCCCCC1)C(=O)N2,-2.982,-2.4329596,0.00175368,0.0016001301,0.9966462
Oc2cc(O)c1C(=O)CC(Oc1c2)c3ccc(O)c(O)c3,-3.62,-3.2437673,0.005091539,0.0031757075,0.9917327
O=C(c1ccccc1)c2ccccc2,-3.12,-3.6899452,0.0106075,0.0049574384,0.984435
N(Nc1ccccc1)c2ccccc2 ,-2.92,-3.4588068,0.017245557,0.0074255737,0.9753289
CC(C)(C)C(=O)C(Oc1ccc(Cl)cc1)n2cncn2,-3.61,-3.4668024,0.0034915137,0.0026547879,0.9938537
Cc1cc(no1)C(=O)NNCc2ccccc2,-2.461,-2.7270408,0.00424262,0.0029798497,0.9927776
O=C1c2ccccc2C(=O)c3ccccc13,-5.19,-4.018426,0.009169254,0.00458171,0.986249
CC1=C(C(=O)Nc2ccccc2)S(=O)(=O)CCO1,-2.281,-3.2696254,0.003137806,0.002322465,0.9945397
O=C1NC(=O)C(=O)N1 ,-0.4,-0.6183839,0.00184959,0.0018798853,0.99627054
COP(=S)(OC)Oc1ccc(Sc2ccc(OP(=S)(OC)OC)cc2)cc1,-6.237,-4.554834,0.004417203,0.0027990337,0.9927838
NS(=O)(=O)c1cc(ccc1Cl)C2(O)NC(=O)c3ccccc23,-3.451,-4.349284,0.006485612,0.0037014252,0.9898129
