smiles,target_true,pred_view3
CC(C)C(Nc1ccc(cc1Cl)C(F)(F)F)C(=O)OC(C#N)c2cccc(Oc3ccccc3)c2,-8.003,-5.569505
O=c2c(C3CCCc4ccccc43)c(O)c1ccccc1o2 ,-2.84,-4.8469744
Nc1cc(nc(N)n1=O)N2CCCCC2 ,-1.989,-3.3842833
c1ccc2cc3c4cccc5cccc(c3cc2c1)c45,-8.49,-5.558404
C1Cc2cccc3cccc1c23,-4.63,-3.943262
Cn2c(=O)on(c1ccc(Cl)c(Cl)c1)c2=O,-2.82,-3.737205
CC1=C(CCCO1)C(=O)Nc2ccccc2 ,-2.56,-3.399214
CNC(=O)Oc1ccccc1C2OCCO2,-1.57,-1.9445721
C1N(C(=O)NCC(C)C)C(=O)NC1,-2.15,-1.8795785
CC(=O)N(S(=O)c1ccc(N)cc1)c2onc(C)c2C ,-3.59,-3.5127301
CC1CCCCC1NC(=O)Nc2ccccc2,-4.11,-4.141687
O=Cc2ccc1OCOc1c2 ,-1.63,-1.5709662
CC3C2CCC1(C)C=CC(=O)C(=C1C2OC3=O)C,-3.09,-3.5495152
OCC2OC(Oc1ccccc1CO)C(O)C(O)C2O,-0.85,-0.51584625
OC(C(=O)c1ccccc1)c2ccccc2,-2.85,-3.3196735
CC23Cc1cnoc1C=C2CCC4C3CCC5(C)C4CCC5(O)C#C,-5.507,-5.1074214
c1ccc2c(c1)sc3ccccc23,-4.38,-4.425261
CC34CC(=O)C1C(CCC2=CC(=O)CCC12C)C3CCC4(=O) ,-3.48,-4.658322
c1ccc(cc1)c2ccc(cc2)c3ccccc3,-7.11,-5.4058
Cc3cc2nc1c(=O)[nH]c(=O)nc1n(CC(O)C(O)C(O)CO)c2cc3C,-3.685,-2.7049408
CN2C(=C(O)c1ccccc1S2(=O)=O)C(=O)Nc3ccccn3 ,-4.16,-3.2347763
COc2c1occc1cc3ccc(=O)oc23 ,-3.664,-2.9717698
ClC(Cl)(Cl)C(NC=O)N1C=CN(C=C1)C(NC=O)C(Cl)(Cl)Cl ,-4.19,-4.3672695
Cn2cc(c1ccccc1)c(=O)c(c2)c3cccc(c3)C(F)(F)F,-4.445,-5.61189
CC12CCC3C(CCc4cc(O)ccc34)C2CCC1=O,-3.955,-4.8859334
CCN2c1ccccc1N(C)C(=S)c3cccnc23 ,-4.706,-4.5406938
CC1CO1,-0.59,0.29227468
C1=Cc2cccc3cccc1c23,-3.96,-3.3652017
c1ccc2c(c1)cc3ccc4cccc5ccc2c3c45,-8.699,-5.52541
Oc1ccc(cc1)C2(OC(=O)c3ccccc23)c4ccc(O)cc4 ,-2.9,-4.8259315
Cc1cc(=O)[nH]c(=S)[nH]1,-2.436,-1.3341612
c1cc2ccc3cccc4ccc(c1)c2c34,-6.176,-5.0101137
CC1(C)CON(Cc2ccccc2Cl)C1=O,-2.338,-4.034776
FC(F)(F)c1cccc(c1)N2CC(CCl)C(Cl)C2=O,-4.047,-5.584752
OC(Cn1cncn1)(Cn2cncn2)c3ccc(F)cc3F ,-1.8,-3.5399842
O=C1NC(=O)C(=O)C(=O)N1 ,-1.25,-1.0422704
CC34CCC1C(CC=C2CC(O)CCC12C)C3CCC4=O,-4.12,-4.859788
CC12CC2(C)C(=O)N(C1=O)c3cc(Cl)cc(Cl)c3,-4.8,-4.86761
c1cc2ccc3ccc4ccc5cccc6c(c1)c2c3c4c56,-9.018,-5.591127
c1c(OC)c(OC)C2C(=O)OCC2c1,-1.899,-1.6328276
CN(C)C(=O)NC1CC2CC1C3CCCC23,-3.171,-4.621541
c1cc2ccc3ccc4ccc5ccc6ccc1c7c2c3c4c5c67,-9.332,-5.619803
O=c1[nH]cnc2[nH]ncc12 ,-2.266,-0.553687
OC(c1ccc(Cl)cc1)(c2cncnc2)c3ccccc3Cl,-4.38,-5.2325187
CCC2NC(=O)c1cc(c(Cl)cc1N2)S(N)(=O)=O,-3.29,-3.3515406
C1CC=CC1,-2.1,-1.1766088
C1(=O)NC(=O)NC(=O)C1(O)C2(O)C(=O)NC(=O)NC2(=O),-1.99,-1.3095499
CCCC1C(=O)N3N(C1=O)c2cc(C)ccc2N=C3N(C)C ,-3.538,-4.386917
CC1(C)C2CCC1(C)C(O)C2,-2.32,-2.3220038
COc2cc1c(N)nc(nc1c(OC)c2OC)N3CCN(CC3)C(=O)OCC(C)(C)O ,-3.638,-3.8237996
c1cC2C(=O)NC(=O)C2cc1,-2.932,-1.5628055
c1ccc2c(c1)cnc3ccccc23 ,-2.78,-3.9589038
Clc1ccc(CN(C2CCCC2)C(=O)Nc3ccccc3)cc1,-5.915,-5.482225
COc2c1occc1c(OC)c3c(=O)cc(C)oc23 ,-3.021,-3.6533356
c1ccc2c3c(ccc2c1)c4cccc5cccc3c45,-8.0,-5.5646863
c1cc(O)c(O)c2OCC3(O)CC4=CC(=O)C(O)=CC4=C3c21,-2.7,-2.398687
c2ccc1nc(ccc1c2)c4ccc3ccccc3n4 ,-5.4,-5.1673546
c1ccc2c(c1)[nH]c3ccccc32,-5.27,-3.8761406
O=C1CCC(=O)N1,0.3,-0.5798652
CCN2c1ncccc1N(C)C(=S)c3cccnc23 ,-4.634,-4.172232
c1ccc2cc3cc4ccccc4cc3cc2c1,-8.6,-5.4218073
O=C2NC(=O)C1(CCCCC1)C(=O)N2,-3.06,-2.012436
CC(C)NC(=O)N1CC(=O)N(C1=O)c2cc(Cl)cc(Cl)c2,-4.376,-4.3552465
C1c2ccccc2c3cc4ccccc4cc13,-8.04,-5.432515
O=c2[nH]c(=O)c1[nH]c(=O)[nH]c1[nH]2 ,-3.93,-1.155141
NS(=O)(=O)c3cc2c(NC(Cc1ccccc1)NS2(=O)=O)cc3C(F)(F)F,-3.59,-4.736382
CC1(OC(=O)N(C1=O)c2cc(Cl)cc(Cl)c2)C=C,-4.925,-4.0428944
c1ccc2c(c1)c3ccccc3c4ccccc24,-6.726,-5.4294314
CC=C(C(=CC)c1ccc(O)cc1)c2ccc(O)cc2,-4.95,-3.5805807
O=C2NC(=O)C1(CCCCCC1)C(=O)N2 ,-3.168,-2.0696454
NS(=O)(=O)c2cc1c(N=CNS1(=O)=O)cc2Cl ,-3.05,-2.7947447
CCN(Cc1c(F)cccc1Cl)c2c(cc(cc2N(=O)=O)C(F)(F)F)N(=O)=O,-6.78,-5.5958037
c2ccc1[nH]ncc1c2 ,-2.16,-1.0232055
CC5(C)OC4CC3C2CCC1=CC(=O)C=CC1(C)C2(F)C(O)CC3(C)C4(O5)C(=O)CO ,-4.31,-4.7090073
Nc2nc1[nH]cnc1c(=O)[nH]2 ,-3.583,-0.73488206
CC34CCC1C(CCC2CC(=O)CCC12C)C3CCC4O ,-4.743,-5.048015
OC(C1=CC2C5C(C1C2=C(c3ccccc3)c4ccccn4)C(=O)NC5=O)(c6ccccc6)c7ccccn7 ,-3.931,-5.4535007
c2ccc1NCCc1c2 ,-1.04,-2.0288534
OC(CC(c1ccccc1)c3c(O)c2ccccc2oc3=O)c4ccc(cc4)c5ccc(Br)cc5 ,-4.445,-5.315077
CC34CCC1C(CCC2=CC(=O)CCC12C)C3CCC4=O,-3.69,-5.0149126
COC(=O)Nc2nc1ccc(cc1[nH]2)C(=O)c3ccccc3,-3.88,-3.4967067
C1C=CCC=C1,-2.06,-1.4050691
Cc2cccc3sc1nncn1c23 ,-2.07,-2.30103
O=C1N(C2CCC(=O)NC2=O)C(=O)c3ccccc13,-2.676,-3.1415648
O=C2NC(=O)C1(CCCC1)C(=O)N2,-2.349,-1.6943389
ClC1(C2(Cl)C3(Cl)C4(Cl)C5(Cl)C1(Cl)C3(Cl)Cl)C5(Cl)C(Cl)(Cl)C24Cl,-6.8,-5.371577
CCCCNC(=O)n1c(NC(=O)OC)nc2ccccc12,-4.883,-3.457203
C1CCC2CCCCC2C1,-5.19,-3.9593923
c1ccc2c(c1)c3cccc4ccc5cccc2c5c43,-7.8,-5.530246
O=C1NCCN1c2ncc(s2)N(=O)=O,-3.22,-2.138647
C1c2ccccc2c3ccc4ccccc4c13,-6.68,-5.4280252
N(=Nc1ccccc1)c2ccccc2,-4.45,-3.0978606
OCC2OC(OC1(CO)OC(CO)C(O)C1O)C(O)C(O)C2O ,0.79,0.42001405
CC45CCC2C(CCC3CC1SC1CC23C)C4CCC5O,-5.41,-5.3609037
C2c1ccccc1N(CCF)C(=O)c3ccccc23 ,-4.799,-4.867115
c1c(O)C2C(=O)C3cc(O)ccC3OC2cc1(OC),-2.943,-2.0093462
CC(=O)SC4CC1=CC(=O)CCC1(C)C5CCC2(C)C(CCC23CCC(=O)O3)C45,-4.173,-5.335441
ClC1CC2C(C1Cl)C3(Cl)C(=C(Cl)C2(Cl)C3(Cl)Cl)Cl,-6.86,-5.573797
COC(=O)c1ccccc1OC2OC(COC3OCC(O)C(O)C3O)C(O)C(O)C2O,-0.742,-0.6598556
C1CCC=CCC1,-3.18,-1.7252526
COC1=CC(=O)CC(C)C13Oc2c(Cl)c(OC)cc(OC)c2C3=O,-3.246,-4.591338
O=C(C=CC=Cc2ccc1OCOc1c2)N3CCCCC3,-3.46,-3.503375
O=C2NC(=O)C1(CCCCCCC1)C(=O)N2,-2.982,-2.4045007
Oc2cc(O)c1C(=O)CC(Oc1c2)c3ccc(O)c(O)c3,-3.62,-2.3520868
O=C(c1ccccc1)c2ccccc2,-3.12,-4.026079
N(Nc1ccccc1)c2ccccc2 ,-2.92,-3.9563391
CC(C)(C)C(=O)C(Oc1ccc(Cl)cc1)n2cncn2,-3.61,-4.2108946
Cc1cc(no1)C(=O)NNCc2ccccc2,-2.461,-2.976007
O=C1c2ccccc2C(=O)c3ccccc13,-5.19,-3.8423164
CC1=C(C(=O)Nc2ccccc2)S(=O)(=O)CCO1,-2.281,-3.0043726
O=C1NC(=O)C(=O)N1 ,-0.4,-0.5597623
COP(=S)(OC)Oc1ccc(Sc2ccc(OP(=S)(OC)OC)cc2)cc1,-6.237,-3.9011834
NS(=O)(=O)c1cc(ccc1Cl)C2(O)NC(=O)c3ccccc23,-3.451,-3.9463608
